{
  "resourceType": "StructureDefinition",
  "id": "patient-child",
  "url": "http://example.org/fhir/StructureDefinition/patient-child",
  "version": "1.0.0",
  "name": "PatientChild",
  "title": "Patient (Child)",
  "status": "active",
  "date": "2025-01-01",
  "publisher": "Vaccination Tracking App",
  "description": "Profile for child patients identified by Austrian SVNR.",
  "fhirVersion": "5.0.0",
  "kind": "resource",
  "abstract": false,
  "type": "Patient",
  "baseDefinition": "http://hl7.org/fhir/StructureDefinition/Patient",
  "derivation": "constraint",

  "differential": {
    "element": [
      {
        "id": "Patient.identifier",
        "path": "Patient.identifier",
        "min": 1
      },
      {
        "id": "Patient.identifier.system",
        "path": "Patient.identifier.system",
        "fixedUri": "https://elga.gv.at/svnr"
      },
      {
        "id": "Patient.identifier.value",
        "path": "Patient.identifier.value",
        "min": 1
      },
      {
        "id": "Patient.name",
        "path": "Patient.name",
        "min": 1
      },
      {
        "id": "Patient.gender",
        "path": "Patient.gender",
        "min": 1
      },
      {
        "id": "Patient.birthDate",
        "path": "Patient.birthDate",
        "min": 1
      },
      {
        "id": "Patient.generalPractitioner",
        "path": "Patient.generalPractitioner",
        "min": 1
      }
    ]
  }
}
