{
  "resourceType": "StructureDefinition",
  "id": "practitioner",
  "url": "http://example.org/fhir/StructureDefinition/practitioner-healthcareprofessional",
  "version": "1.0.0",
  "name": "PractitionerHealthcareProfessional",
  "title": "Practitioner (Healthcare Professional)",
  "status": "active",
  "date": "2025-01-01",
  "publisher": "Vaccination Tracking App",
  "description": "Profile for healthcare professionals.",
  "fhirVersion": "5.0.0",
  "kind": "resource",
  "abstract": false,
  "type": "Practitioner",
  "baseDefinition": "http://hl7.org/fhir/StructureDefinition/Practitioner",
  "derivation": "constraint",

  "differential": {
    "element": [
      {
        "id": "Practitioner.identifier",
        "path": "Practitioner.identifier",
        "min": 1
      },
      {
        "id": "Practitioner.identifier.value",
        "path": "Practitioner.identifier.value",
        "min": 1
      },
      {
        "id": "Practitioner.name",
        "path": "Practitioner.name",
        "min": 1
      }
    ]
  }
}
