{
  "resourceType": "ValueSet",
  "id": "administrative-gender",
  "url": "http://hl7.org/fhir/ValueSet/administrative-gender",
  "version": "5.0.0",
  "name": "AdministrativeGender",
  "title": "Administrative Gender",
  "status": "active",
  "publisher": "HL7",
  "description": "The gender of a person used for administrative purposes.",
  "compose": {
    "include": [
      {
        "system": "http://hl7.org/fhir/administrative-gender",
        "concept": [
          { "code": "male", "display": "Male" },
          { "code": "female", "display": "Female" },
          { "code": "other", "display": "Other" },
          { "code": "unknown", "display": "Unknown" }
        ]
      }
    ]
  }
}
